HathiTrust ID	Author	Volume Title
coo.31924001398258	Huxley, Aldous	Island
coo.31924006462125	Verne, Jules	Off on a comet!
dul1.ark:/13960/t5gb2ss8d	Wells, H. G.	The first men in the moon
hvd.32044050819549	London, Jack	The iron heel
hvd.hn2vzk	Verne, Jules	Twenty thousand leagues under the sea
hvd.hn5bf5	Verne, Jules	Around the world in eighty days
inu.30000001395387	Lessing, Doris	Shikasta
inu.30000003963828	Priest, Christopher	The glamour
inu.30000007095734	Harrison, Harry	The stainless steel rat saves the world
inu.30000008738902	Piercy, Marge	Body of glass
inu.30000009621628	Lem, Stanisław	Memoirs of a space traveller: further reminiscences of Ijon Tichy
inu.30000009648548	Lem, Stanisław	More tales of Pirx the pilot
inu.30000026340889	Anthony, Piers	Phaze doubt
inu.30000027138738	Russo, Richard Paul	Subterranean gallery
inu.30000035592983	McCaffrey, Anne	Lyon's pride
inu.30000036612392	Banks, Iain	Consider Phlebas
inu.30000036960361	Banks, Iain	The player of games
inu.30000037504473	Moorcock, Michael	The time dweller
inu.30000039959758	Anthony, Piers	Mer-cycle
inu.30000041110531	McCaffrey, Anne and Jody Lynn Nye	The ship who won
inu.30000041175120	Harrison, Harry	The stainless steel rat sings the blues
inu.30000042648794	Noon, Jeff	Pollen
inu.30000056018702	Jones, Gwyneth	Seven tales and a fable
inu.30000081157426	Delany, Samuel R.	Nova
inu.30000093966897	Norton, Andre	Masks of the outcasts
inu.30000094835844	Asimov, Isaac	Robot dreams
inu.30000100422017	Barry, Max	Jennifer Government
inu.30000109821292	Smith, Cordwainer	We the underpeople
inu.30000114444015	Hubbard, L. Ron	The ultimate adventure
inu.32000000128217	Asimov, Isaac	Nine tomorrows
inu.32000000636839	Anderson, Poul	Un-man, and other novellas
inu.32000002768507	Watson, Ian	The Jonah kit
inu.32000005498060	Spinrad, Norman	No direction home
inu.32000009143902	Wyndham, John	Chocky
inu.39000000059332	Norton, Andre	Witch world
inu.39000001212799	Roberts, Keith	Pavane
inu.39000001553515	Disch, Thomas M.	Fundamental Disch
inu.39000002436611	Bradbury, Ray	The illustrated man
inu.39000002610124	Pohl, Frederik	Gateway
inu.39000002841497	Stapledon, Olaf	Last men in London
inu.39000003578593	Roberts, Keith	The chalk giants
inu.39000003644007	McCaffrey, Anne	To ride Pegasus
inu.39000003706418	Zelazny, Roger	My name is legion
mdp.39015000146798	Le Guin, Ursula K.	The wind's twelve quarters : short stories
mdp.39015000221716	Russ, Joanna	We who are about to ...
mdp.39015000532336	Gilman, Charlotte Perkins	Herland
mdp.39015000549199	Pohl, Frederik	Digits and dastards
mdp.39015000549207	Pohl, Frederik	Starburst (by Pohl)
mdp.39015000549348	Pohl, Frederik	Alternating currents
mdp.39015000549355	Pohl, Frederik	The cool war
mdp.39015000608953	Heinlein, Robert A.	The past through tomorrow; "Future history" stories
mdp.39015000611676	Miller, Walter M., Jr.	The science fiction stories of Walter M. Miller, Jr.
mdp.39015000622822	Heinlein, Robert A.	I will fear no evil
mdp.39015000625254	Knight, Damon	Three novels: Rule golden, Natural state, [and] The dying man
mdp.39015000651276	Tucker, Wilson	Wild talent
mdp.39015000668072	Simak, Clifford D.	Where the evil dwells
mdp.39015000684780	Wilhelm, Kate	Juniper time
mdp.39015001151276	Dick, Philip K.	A handful of darkness
mdp.39015001367005	Silverberg, Robert	Lord Valentine's castle
mdp.39015001537060	Herbert, Frank	Hellstrom's Hive
mdp.39015001553547	London, Jack	The scarlet plague
mdp.39015001577363	Zelazny, Roger	Eye of cat
mdp.39015001718371	Carter, Angela	The passion of new Eve
mdp.39015001742595	Bradbury, Ray	Dinosaur tales
mdp.39015001788184	Vonnegut, Kurt	Player piano
mdp.39015001817652	Zelazny, Roger	Today we choose faces
mdp.39015002131400	Hesse, Hermann	The glass bead game (Magister Ludi)
mdp.39015002154931	Anderson, Poul	There will be time
mdp.39015002174384	Simak, Clifford D.	Time is the simplest thing
mdp.39015002191446	Brunner, John	The shockwave rider
mdp.39015002231440	Huxley, Aldous	Brave new world
mdp.39015002288721	Asimov, Isaac	The stars, like dust
mdp.39015002288762	Asimov, Isaac	The end of eternity
mdp.39015002288788	Bester, Alfred	Golem 100
mdp.39015002289877	Le Guin, Ursula K.	The lathe of heaven
mdp.39015002661174	Dickson, Gordon R.	In iron years
mdp.39015002662453	Wilhelm, Kate	Where late the sweet birds sang
mdp.39015002691262	Bradley, Marion Zimmer	The sword of Aldones
mdp.39015002701798	Clarke, Arthur C.	Sands of Mars
mdp.39015002710450	Priest, Christopher	The affirmation
mdp.39015002754011	Schmitz, James H.	The demon breed
mdp.39015002756073	Russ, Joanna	And chaos died
mdp.39015002968108	Clarke, Arthur C.	The best of Arthur C. Clarke V1
mdp.39015002968892	Hoban, Russel	Riddley Walker
mdp.39015002969064	Lem, Stanisław	Solaris
mdp.39015003449090	Bradbury, Ray	Long after midnight
mdp.39015003465583	Ballard, J. G.	Vermilion sands
mdp.39015003491696	Anderson, Poul	The Queen of Air and Darkness
mdp.39015003491720	Anderson, Poul	Tales of the flying mountains
mdp.39015003491811	Simak, Clifford D.	The werewolf principle
mdp.39015003629394	Zelazny, Roger	Four for tomorrow
mdp.39015003629410	Zelazny, Roger	Damnation alley
mdp.39015003665547	Haldeman, Joe	The forever war
mdp.39015003756627	Clarke, Arthur C.	Earthlight
mdp.39015003862292	Norton, Andre	Sargasso of space
mdp.39015003900720	Lem, Stanisław	The cosmic carnival of Stanisław Lem
mdp.39015003919498	Strugatsky, Arkady and Boris Strugatsky	Definitely maybe : a manuscript discovered under unusual circumstances
mdp.39015003928853	Gernsback, Hugo	Ralph 124C 41+; a romance of the year 2660
mdp.39015003942128	Gotlieb, Phyllis	Sunburst
mdp.39015003972067	Anderson, Poul	The long way home
mdp.39015003972075	Anderson, Poul	Two worlds
mdp.39015003972109	Anderson, Poul	Orbit unlimited
mdp.39015004030758	Disch, Thomas M.	The genocides
mdp.39015004103571	McCaffrey, Anne	Restoree
mdp.39015004194851	Blish, James	Midsummer century
mdp.39015004263458	Brunner, John	The crucible of time
mdp.39015004264415	Blish, James	Cities in flight
mdp.39015004265453	Benford, Gregory	Against infinity
mdp.39015004663087	Anderson, Poul	Operation Chaos
mdp.39015004691096	Silverberg, Robert	Men and machines; ten stories of science fiction
mdp.39015004821446	Simak, Clifford D.	A heritage of stars
mdp.39015004878867	Dick, Philip K.	The game-players of Titan
mdp.39015004924760	Le Guin, Ursula K.	Rocannon's world
mdp.39015005004877	Disch, Thomas M.	334
mdp.39015005014173	Disch, Thomas M.	Fun with your new head
mdp.39015005062321	Aldiss, Brian	Neanderthal planet
mdp.39015005062339	Aldiss, Brian	Last orders, and other stories
mdp.39015005067296	Wilhelm, Kate	Welcome, chaos
mdp.39015005084317	Norton, Andre	The crossroads of time
mdp.39015005085272	Asimov, Isaac	The rest of the robots
mdp.39015005091841	Norton, Andre	Voodoo planet and Star hunter
mdp.39015005104842	Blish, James and Norman L. Knight	A torrent of faces
mdp.39015005156263	Norton, Andre	Key out of time
mdp.39015005165686	Clarke, Arthur C.	Islands in the sky
mdp.39015005165702	Bradley, Marion Zimmer	The planet savers
mdp.39015005169654	Moorcock, Michael	The hollow lands.
mdp.39015005179976	Disch, Thomas M.	The early science fiction stories of Thomas M. Disch
mdp.39015005184638	Vinge, Joan D.	The snow queen
mdp.39015005228989	Silverberg, Robert	Other dimensions : ten stories of science fiction.
mdp.39015005233310	Lessing, Doris	The making of the representative for planet 8
mdp.39015005310704	Wolfe, Gene	The citadel of the autarch
mdp.39015005320745	Delany, Samuel R.	Babel-17
mdp.39015005325710	Lessing, Doris	The Sirian experiments
mdp.39015005343515	Bradley, Marion Zimmer	The forbidden tower
mdp.39015005389245	Varley, John	Millennium
mdp.39015005392975	Bradley, Marion Zimmer	The winds of Darkover
mdp.39015005461473	Asimov, Isaac	The early Asimov; or, Eleven years of trying.
mdp.39015005482750	Tucker, Wilson	The time masters
mdp.39015005513612	Van Vogt, A. E.	Supermind
mdp.39015005543049	Dickson, Gordon R.	The R-Master
mdp.39015005571172	Pohl, Frederik	The man who ate the world
mdp.39015005587061	Brunner, John	The dramaturges of Yan
mdp.39015005615920	Sargent, Pamela	Earthseed
mdp.39015005648749	Tucker, Wilson	The year of the quiet sun
mdp.39015005649820	Norton, Andre	Plague ship
mdp.39015005670925	Vinge, Joan D.	World's end
mdp.39015005690295	Heinlein, Robert A.	Rocket ship Galileo
mdp.39015005717510	Wilhelm, Kate	Somerset dreams and other fictions
mdp.39015005728657	Norton, Andre	Secret of the lost race
mdp.39015005749158	Norton, Andre	Galactic derelict
mdp.39015005751584	Norton, Andre	The defiant agents
mdp.39015005766350	Clarke, Arthur C.	Reach for tomorrow
mdp.39015005791242	Anderson, Poul	The night face and other stories
mdp.39015005869790	McIntyre, Vonda N.	Superluminal
mdp.39015005888105	Kingsbury, Donald	Courtship rite
mdp.39015005888113	Herbert, Frank	Destination, void
mdp.39015005888139	Heinlein, Robert A.	Expanded universe : the new worlds of Robert A. Heinlein.
mdp.39015005888147	Pohl, Frederik and Jack Williamson	The Starchild trilogy
mdp.39015005906303	Wolfe, Gene	The claw of the conciliator
mdp.39015006197324	Simak, Clifford D.	The fellowship of the talisman
mdp.39015006577798	Heinlein, Robert A.	Podkayne of Mars
mdp.39015006577806	Heinlein, Robert A.	The green hills of earth; Rhysling and the adventure of the entire solar system? With an appreciation by Mark Reinsberg
mdp.39015006577814	Niven, Larry and Jerry Pournelle	Oath of fealty
mdp.39015007010096	Harrison, Harry	The stainless steel rat wants you
mdp.39015007010104	Harrison, Harry	The Stainless Steel Rat for president
mdp.39015007015038	Cherryh, C. J.	Downbelow station
mdp.39015007020061	Herbert, Frank	The book of Frank Herbert
mdp.39015007043006	Heinlein, Robert A.	Beyond this horizon.
mdp.39015007043337	Dick, Philip K.	Flow my tears, the policeman said
mdp.39015007050514	Niven, Larry and Steven Barnes	Dream Park
mdp.39015007068235	Asimov, Isaac	Foundation's edge
mdp.39015008005442	Vance, Jack	The eyes of the overworld
mdp.39015008096565	Niven, Larry	The integral trees
mdp.39015008146550	Heinlein, Robert A.	The unpleasant profession of Jonathan Hoag
mdp.39015008175815	McCaffrey, Anne	Crystal singer
mdp.39015008195417	Keyes, Daniel	The touch.
mdp.39015008196746	Norton, Andre	The Sioux spaceman
mdp.39015008199450	Zelazny, Roger	Roadmarks
mdp.39015008199468	Anderson, Poul	Satan's world.
mdp.39015008261987	Batchelor, John Calvin	The birth of the People's Republic of Antarctica
mdp.39015008278221	Herbert, Frank	The Dosadi experiment
mdp.39015008288758	Herbert, Frank	The heaven makers
mdp.39015008313002	Frank, Pat	Alas, Babylon
mdp.39015008373220	Spinrad, Norman	The star-spangled future
mdp.39015008380167	Clarke, Arthur C.	The fountains of Paradise
mdp.39015008381033	Herbert, Frank	The worlds of Frank Herbert
mdp.39015008384243	Asimov, Isaac	Buy Jupiter, and other stories
mdp.39015008386701	Herbert, Frank	Direct descent
mdp.39015008398441	Amis, Kingsley	Russian hide-and-seek : a melodrama
mdp.39015008439583	Le Guin, Ursula K.	Planet of exile
mdp.39015008470554	Herbert, Frank	The Santaroga barrier
mdp.39015008513858	Farmer, Philip José	Flesh
mdp.39015008543418	Niven, Larry	A world out of time
mdp.39015008551809	Haldeman, Joe	Worlds apart
mdp.39015008554696	Farmer, Philip José	Night of light
mdp.39015008587365	Spinrad, Norman	The iron dream
mdp.39015008600119	Delany, Samuel R.	Stars in my pocket like grains of sand
mdp.39015008613708	Farmer, Philip José	The lovers
mdp.39015008630959	Ballard, J. G.	Low-flying aircraft, and other stories
mdp.39015008631205	Ballard, J. G.	Hello America
mdp.39015008633565	Dickson, Gordon R.	Soldier, ask not
mdp.39015008635644	Christopher, John	The twenty-second century.
mdp.39015008639448	Benford, Gregory and Gordon Eklund	If the stars are gods
mdp.39015008639851	Harrison, Harry	Tunnel through the deeps.
mdp.39015008670872	Bradley, Marion Zimmer	The shattered chain : a Darkover novel
mdp.39015008683057	Moorcock, Michael	The lives and times of Jerry Cornelius
mdp.39015008698782	Moorcock, Michael	The nomad of time
mdp.39015008704606	Moorcock, Michael	The adventures of Una Persson and Catherine Cornelius in the twentieth century : a romance
mdp.39015008713003	Moorcock, Michael	The blood red game
mdp.39015008778162	Silverberg, Robert	The gate of worlds
mdp.39015008801824	Moorcock, Michael	A cure for cancer
mdp.39015008801832	Moorcock, Michael	The final programme
mdp.39015008802236	Yarbro, Chelsea Quinn	Hyacinths
mdp.39015008805064	Moorcock, Michael	The Cornelius chronicles
mdp.39015008806088	Silverberg, Robert	Across a billion years
mdp.39015008806955	Benford, Gregory	Timescape
mdp.39015008817374	Heinlein, Robert A.	Stranger in a strange land
mdp.39015008828157	Vance, Jack	The dying earth
mdp.39015008838560	Herbert, Frank	The godmakers
mdp.39015008847017	Williamson, Jack	The queen of the legion
mdp.39015008862560	Van Vogt, A. E.	The voyage of the Space Beagle
mdp.39015008864640	Vance, Jack	The dragon masters
mdp.39015008864657	Van Vogt, A. E.	Mission to the stars
mdp.39015008864665	Van Vogt, A. E.	The war against the Rull
mdp.39015008892666	Heinlein, Robert A.	Orphans of the sky
mdp.39015008903448	Brin, David	Sundiver
mdp.39015008909361	Miller, Walter M., Jr.	The best of Walter M. Miller, Jr.
mdp.39015008915004	Asimov, Isaac	Earth is room enough : science fiction tales of our own planet
mdp.39015008918735	Herbert, Frank	The green brain
mdp.39015008918743	Herbert, Frank	The eyes of Heisenberg
mdp.39015008920335	Asimov, Isaac	Nightfall, and other stories.
mdp.39015008933569	Silverberg, Robert	Born with the dead : three novellas
mdp.39015008955943	Delany, Samuel R.	Driftglass
mdp.39015008970421	Brackett, Leigh	The halfling, and other stories
mdp.39015008978879	Zelazny, Roger	Lord of light.
mdp.39015008979778	Wolfe, Gene	The shadow of the torturer
mdp.39015008979794	Wilhelm, Kate	Listen, listen
mdp.39015008996293	Dickson, Gordon R.	The spirit of Dorsai
mdp.39015009018279	Moorcock, Michael	The city of the beast
mdp.39015009018329	Moorcock, Michael	The lord of the spiders
mdp.39015009018675	Anderson, Poul	World without stars
mdp.39015009049894	Spinrad, Norman	The last hurrah of the Golden Horde
mdp.39015009054787	Lessing, Doris	Briefing for a descent into Hell
mdp.39015009061188	Palmer, David R.	Damiano's lute
mdp.39015009063101	Bradbury, Ray	A medicine for melancholy
mdp.39015009101497	Niven, Larry	The flight of the horse
mdp.39015009111058	Sturgeon, Theodore	E pluribus unicorn
mdp.39015009131031	Bova, Ben	The exiles trilogy : three novels
mdp.39015009375331	Bova, Ben	City of darkness
mdp.39015010224510	Stapledon, Olaf	Star Maker.
mdp.39015010226085	Wyndham, John	Re-birth
mdp.39015010232422	Lafferty, R. A.	Strange doings
mdp.39015010296609	Capek, Karel	War with the newts
mdp.39015010299744	Herbert, Frank	Whipping star
mdp.39015010314923	Vance, Jack	The best of Jack Vance
mdp.39015010368176	Lem, Stanisław	Mortal engines
mdp.39015010379124	Compton, D. G.	Synthajoy
mdp.39015010479601	Wilhelm, Kate	Huysman's pets
mdp.39015010481029	Clarke, Arthur C.	Tales from the White Hart
mdp.39015010524562	Lem, Stanisław	Return from the stars
mdp.39015010537812	Silverberg, Robert	Thorns
mdp.39015010691577	Clarke, Arthur C.	The other side of the sky
mdp.39015010745563	Bradbury, Ray	I sing the body electric! : stories
mdp.39015010748435	Anthony, Piers	On a pale horse
mdp.39015010749433	Heinlein, Robert A.	The star beast.
mdp.39015010862301	Zelazny, Roger	The dream master.
mdp.39015010862855	Moorcock, Michael	The end of all songs
mdp.39015010863036	Moorcock, Michael	An alien heat
mdp.39015010912247	Silverberg, Robert	The book of skulls
mdp.39015010915620	Christopher, John	The death of grass.
mdp.39015010930090	Silverberg, Robert	The feast of St. Dionysus; five science fiction stories.
mdp.39015010933433	Asimov, Isaac	The alternate Asimovs
mdp.39015011016881	Panshin, Alexei	Rite of passage
mdp.39015011024562	Anderson, Poul	The trouble twisters
mdp.39015011054155	Bester, Alfred	The demolished man
mdp.39015011212951	Stapledon, Olaf	Odd John : a story between jest and e[a]rnest
mdp.39015011317164	Clarke, Arthur C.	Imperial Earth
mdp.39015011340414	Heinlein, Robert A.	Farnham's freehold
mdp.39015011355966	Moorcock, Michael	The land leviathan.
mdp.39015011358150	Anthony, Piers	Blue Adept
mdp.39015011534206	Spinrad, Norman	Bug Jack Barron
mdp.39015011542720	Silverberg, Robert	The masks of time
mdp.39015011556043	Harrison, Harry	The stainless steel rat's revenge
mdp.39015011586479	Zelazny, Roger	Bridge of ashes
mdp.39015011695874	Norton, Andre	The time traders
mdp.39015011726406	Norton, Andre	Operation time search
mdp.39015011802215	Dickson, Gordon R.	Home from the shore
mdp.39015011802256	Moorcock, Michael	The shores of death
mdp.39015011815134	Varley, John	Titan
mdp.39015011820761	Dickson, Gordon R.	Tactics of mistake
mdp.39015011820779	Dickson, Gordon R.	Dorsai!
mdp.39015011874131	Niven, Larry	All the myriad ways
mdp.39015011876854	Clarke, Arthur C.	The songs of distant earth.
mdp.39015011881094	Clarke, Arthur C.	The lion of Comarre & Against the fall of night
mdp.39015011886184	Van Vogt, A. E.	The universe maker
mdp.39015011886747	Anderson, Poul	Tau zero
mdp.39015011926196	Williamson, Jack	Three from the Legion
mdp.39015012064146	Aldiss, Brian	The eighty-minute hour; a space opera
mdp.39015012119213	Delany, Samuel R.	Tales of Neveryon
mdp.39015012177369	Haldeman, Joe	Worlds
mdp.39015012177377	Haldeman, Joe and Jack C Haldeman II	There is no darkness
mdp.39015012178250	Zelazny, Roger	This immortal
mdp.39015012198563	Dickson, Gordon R.	Necromancer
mdp.39015012203447	Dick, Philip K.	A maze of death
mdp.39015012204890	Anderson, Poul	Mirkheim
mdp.39015012204916	Bradbury, Ray	R is for rocket
mdp.39015012212620	Niven, Larry and Jerry Pournelle	The mote in God's eye
mdp.39015012296722	Bradbury, Ray	S is for space
mdp.39015012296730	Bradbury, Ray	The golden apples of the sun.
mdp.39015012296821	Bradbury, Ray	The machineries of joy : short stories
mdp.39015012309145	Moorcock, Michael	The winds of limbo
mdp.39015012428291	Bradbury, Ray	The stories of Ray Bradbury
mdp.39015012429828	Lessing, Doris	Documents relating to the sentimental agents in the Volyen Empire
mdp.39015012435775	Anderson, Poul	Trader to the stars
mdp.39015012435783	Anderson, Poul	Vault of the ages
mdp.39015012896208	Wells, H. G.	The island of Dr. Moreau
mdp.39015012910165	Pohl, Frederik	The wonder effect.
mdp.39015012917210	Malzberg, Barry N.	The sodom and gomorrah business
mdp.39015012974294	Asimov, Isaac	Fantastic voyage II : destination brain
mdp.39015012976992	Heinlein, Robert A.	Waldo and Magic, Inc.
mdp.39015012994136	Verne, Jules	For the flag
mdp.39015013000396	Aldiss, Brian	Brothers of the head
mdp.39015013002426	Zelazny, Roger	The isle of the dead.
mdp.39015013002491	Wyndham, John	The kraken wakes
mdp.39015013002517	Wyndham, John	Trouble with lichen
mdp.39015013004034	Wyndham, John	Stowaway to Mars
mdp.39015013234516	Crowley, John	Engine summer
mdp.39015013255701	Sturgeon, Theodore	The stars are the Styx
mdp.39015013260727	Martin, George R. R.	Dying of the light
mdp.39015013275519	Brunner, John	Quicksand.
mdp.39015013282846	Brunner, John	Entry to elsewhen
mdp.39015013285799	Brunner, John	Stand on Zanzibar
mdp.39015013291920	Anderson, Poul	The star fox
mdp.39015013291961	Anderson, Poul	The high crusade
mdp.39015013291979	Anderson, Poul	War of the wing-men/ Poul Anderson.
mdp.39015013336444	Shepard, Lucius	Green eyes
mdp.39015013395523	Vance, Jack	To live forever
mdp.39015013416261	Amis, Kingsley	The alteration
mdp.39015013433738	Clement, Hal	Mission of gravity
mdp.39015013527448	Dick, Philip K.	Solar lottery
mdp.39015013939874	Adams, Douglas	The restaurant at the end of the universe
mdp.39015013942332	McCaffrey, Anne	The Dragonriders of Pern
mdp.39015013946481	Moore, C. L. and Henry Kuttner	Earth's last citadel
mdp.39015013952323	Pohl, Frederik	The best of Frederik Pohl
mdp.39015013972214	Burroughs, William S.	The soft machine
mdp.39015013976405	Clarke, Arthur C.	The wind from the sun; stories of the space age
mdp.39015014136587	Pohl, Frederik and Jack Williamson	Undersea fleet
mdp.39015014136595	Pohl, Frederik	Drunkard's walk
mdp.39015014137635	Reynolds, Mack	The earth war
mdp.39015014137973	Leiber, Fritz	Gather, darkness!
mdp.39015014158185	Bradbury, Ray	The Toynbee convector
mdp.39015014166592	Capek, Karel	Krakatit
mdp.39015014366226	Heinlein, Robert A.	The puppet masters
mdp.39015014367190	Piper, H. Beam	Lord Kalvan of Otherwhen
mdp.39015014434172	Budrys, Algis	The falling torch
mdp.39015014434768	Aldiss, Brian	The malacia tapestry
mdp.39015014440815	McIntyre, Vonda N.	Fireflood and other stories
mdp.39015014447505	Wells, H. G.	The shape of things to come
mdp.39015014493129	Bova, Ben	Millennium : a novel about people and politics in the year 1999
mdp.39015014493137	Bova, Ben	The dueling machine
mdp.39015014493152	Bova, Ben	Colony
mdp.39015014503133	Bova, Ben	The weathermakers
mdp.39015014504024	Anderson, Poul	The avatar
mdp.39015014519063	Pohl, Frederik	A plague of pythons
mdp.39015014519071	Bester, Alfred	The dark side of the earth
mdp.39015014535853	Spinrad, Norman	A world between
mdp.39015014570108	Haldeman, Joe	Buying time
mdp.39015014574118	Delany, Samuel R.	The bridge of lost desire
mdp.39015014585601	Asimov, Isaac	Asimov's mysteries.
mdp.39015014688249	Sturgeon, Theodore	Sturgeon is alive and well
mdp.39015014689684	Clement, Hal	Needle
mdp.39015014695517	Pangborn, Edgar	Davy
mdp.39015014763737	Asimov, Isaac	Azazel
mdp.39015014854353	Sturgeon, Theodore	Beyond.
mdp.39015014863545	Simak, Clifford D.	The trouble with Tycho
mdp.39015014938602	Verne, Jules	A journey to the center of the earth
mdp.39015015203865	Piper, H. Beam	Space Viking
mdp.39015015344891	Simak, Clifford D.	All the traps of Earth : and other stories
mdp.39015015344909	Silverberg, Robert	To open the sky
mdp.39015015386355	Van Vogt, A. E.	Quest for the future.
mdp.39015015387551	Van Vogt, A. E.	The book of Ptath
mdp.39015015390787	Simak, Clifford D.	A choice of gods
mdp.39015015390795	Simak, Clifford D.	Best science fiction stories of Clifford D. Simak.
mdp.39015015394425	Martin, George R. R. and Lisa Tuttle	Windhaven
mdp.39015015394433	Van Vogt, A. E.	Computerworld
mdp.39015016415641	Wyndham, John	The infinite moment.
mdp.39015016423827	Farmer, Philip José	Tongues of the moon
mdp.39015016444443	Farmer, Philip José	The gate of time
mdp.39015016449434	Brunner, John	Out of my mind
mdp.39015016450150	Budrys, Algis	Who?
mdp.39015016450218	Brunner, John	The Atlantic abomination : man, meet your master!
mdp.39015016450226	Brunner, John	The long result
mdp.39015016450234	Brunner, John	The squares of the city
mdp.39015016450242	Brunner, John	Time-jump.
mdp.39015016450259	Brunner, John	Times without number
mdp.39015016450267	Brunner, John	Timescoop
mdp.39015016451737	Blish, James	A life for the stars.
mdp.39015016451745	Blish, James	Titan's daughter
mdp.39015016466255	Aldiss, Brian	Cryptozoic!
mdp.39015016466511	Aldiss, Brian	The dark light-years
mdp.39015016867882	Van Vogt, A. E.	The mind cage : a science fiction novel
mdp.39015016879648	Simak, Clifford D.	Enchanted pilgrimage
mdp.39015016889605	Silverberg, Robert	Beyond the safe zone : collected stories of Robert Silverberg.
mdp.39015016903075	Aldiss, Brian	Starswarm
mdp.39015016915616	Van Vogt, A. E.	The beast
mdp.39015016917729	Van Vogt, A. E.	Rogue ship,
mdp.39015016924485	Moorcock, Michael	The condition of muzak : a Jerry Cornelius novel
mdp.39015016945860	Wilson, Robert Charles	Gypsies
mdp.39015016953674	Murphy, Pat	The city, not long after
mdp.39015017656854	Brunner, John	The stone that never came down
mdp.39015017656862	Van Vogt, A. E.	The weapon shops of Isher
mdp.39015017656870	Van Vogt, A. E.	The weapon makers
mdp.39015018528243	Dickson, Gordon R.	Wolf and iron
mdp.39015018601743	Sturgeon, Theodore	A touch of strange
mdp.39015018620875	Simak, Clifford D.	Cemetery world
mdp.39015018624778	Clarke, Arthur C.	Expedition to Earth : eleven science-fiction stories
mdp.39015018825730	Wren, M. K.	A gift upon the shore
mdp.39015018858186	Bisson, Terry	Voyage to the Red Planet
mdp.39015019005373	Asimov, Isaac and Robert Silverburg	Nightfall
mdp.39015019045841	Smith, E. E.	Triplanetary
mdp.39015019059081	Farmer, Philip José	Riverworld : the great short fiction of Philip José Farmer.
mdp.39015019145898	Norton, Andre	Catseye
mdp.39015019147241	Smith, E. E.	Second stage lensman
mdp.39015019147258	Smith, E. E.	Gray Lensman
mdp.39015019159030	Lessing, Doris	The marriages between zones three, four, and five
mdp.39015019344996	Delany, Samuel R.	Neveryóna, or, The tale of signs and cities
mdp.39015019357808	Gerrold, David and Larry Niven	The flying sorcerers
mdp.39015019359846	Aldiss, Brian	Moreau's other island
mdp.39015019364952	Knight, Damon	The man in the tree
mdp.39015019395782	Bear, Greg	Blood music
mdp.39015019434276	Cherryh, C. J.	The pride of Chanur
mdp.39015019446023	Lem, Stanisław	Eden
mdp.39015019481624	May, Julian	The nonborn king ; The adversary
mdp.39015019554131	Ballard, J. G.	War fever
mdp.39015019595399	Benford, Gregory	Great sky river
mdp.39015019629305	Silverberg, Robert	Letters from Atlantis
mdp.39015019801821	Malzberg, Barry N.	Galaxies
mdp.39015019815037	Vinge, Vernor	The peace war
mdp.39015019851974	Van Scyoc, Sydney J.	Bluesong
mdp.39015019871691	Harrison, Harry	Winter in Eden
mdp.39015019934069	Williamson, Jack	The legion of space
mdp.39015019938433	Wells, H. G.	The invisible man. With an introduction
mdp.39015019978298	Merril, Judith	Survival ship, and other stories.
mdp.39015020142249	Delany, Samuel R.	The Einstein intersection
mdp.39015020677442	Gibson, William	Burning chrome
mdp.39015020680461	Clarke, Arthur C.	A fall of moondust.
mdp.39015020690858	Crichton, Michael	The Andromeda strain.
mdp.39015020691203	Asimov, Isaac	The complete robot
mdp.39015020695519	Farmer, Philip José	To your scattered bodies go
mdp.39015020695527	Farmer, Philip José	The fabulous riverboat
mdp.39015020697598	Dick, Philip K.	The unteleported man
mdp.39015020709617	Dick, Philip K.	The preserving machine.
mdp.39015020723915	McCaffrey, Anne	Dragonflight
mdp.39015020724129	McCaffrey, Anne	Dragonquest
mdp.39015020728666	Butler, Octavia E.	Kindred
mdp.39015020729649	Asimov, Isaac	The gods themselves.
mdp.39015020731991	Simak, Clifford D.	Cosmic engineers : an interplanetary novel
mdp.39015020741065	Dick, Philip K.	Our friends from Frolix 8.
mdp.39015020747013	Vonnegut, Kurt	Slapstick : or, Lonesome no more]
mdp.39015020749142	Matheson, Richard	Bid time return
mdp.39015020750835	Robinson, Kim Stanley	The wild shore
mdp.39015020750843	Smith, Cordwainer	You will never be the same
mdp.39015020770437	Aldiss, Brian	Helliconia winter
mdp.39015020770445	Aldiss, Brian	Helliconia spring
mdp.39015021474286	Brin, David	The postman
mdp.39015021570927	Asimov, Isaac	The winds of change and other stories
mdp.39015021855351	Lem, Stanisław	Fiasco
mdp.39015021862902	Van Scyoc, Sydney J.	Darkchild
mdp.39015021916583	Bova, Ben	The multiple man
mdp.39015022216793	Effinger, George Alec	Heroics
mdp.39015022220324	Sturgeon, Theodore	Starshine
mdp.39015022220357	Sturgeon, Theodore	Case and the dreamer
mdp.39015022223617	Moorcock, Michael	The warlord of the air : a scientific romance
mdp.39015022267952	Silverberg, Robert	The face of the waters
mdp.39015022283579	Pohl, Frederik	Narabedla Ltd.
mdp.39015022652468	Effinger, George Alec	What entropy means to me.
mdp.39015023544888	Gerrold, David	When Harlie was one
mdp.39015024076203	Wells, H. G.	In the days of the comet
mdp.39015024079264	Le Guin, Ursula K.	The dispossessed : an ambiguous Utopia
mdp.39015024079447	Simak, Clifford D.	The goblin reservation
mdp.39015024090261	Norton, Andre	Moon of three rings
mdp.39015024090279	Norton, Andre	Star Man's son, 2250 A.D.
mdp.39015024643234	Silverberg, Robert	Majipoor chronicles.
mdp.39015024771092	Piercy, Marge	He, she, and it : a novel
mdp.39015024842075	Sargent, Pamela	Alien upstairs
mdp.39015024865944	Constantine, Murray	Swastika night
mdp.39015024891734	McCaffrey, Anne	Pegasus in flight
mdp.39015024956388	Turner, George	Brain child
mdp.39015024956420	Harrison, Harry	Return to Eden
mdp.39015025029078	Bishop, Michael	Blooded on Arachne
mdp.39015025155139	Gibson, William	Mona Lisa overdrive
mdp.39015025219471	Gibson, William and Bruce Sterling	The difference engine
mdp.39015025251706	Tepper, Sheri S.	Sideshow
mdp.39015025286538	Brin, David	Startide rising
mdp.39015025382444	Bova, Ben	Mars
mdp.39015025812895	Lafferty, R. A.	Past master
mdp.39015026866635	Lem, Stanisław	Imaginary magnitude
mdp.39015026969041	Capek, Karel	The absolute at large
mdp.39015027227860	Silverberg, Robert	Conquerors from the darkness
mdp.39015027236150	Asimov, Isaac	Foundation and earth
mdp.39015027249575	Elgin, Suzette Haden	Native tongue
mdp.39015027254021	Heinlein, Robert A.	Farmer in the sky
mdp.39015028456484	Harrison, Harry	West of Eden
mdp.39015028556739	Moorcock, Michael	The black corridor
mdp.39015028704974	McCaffrey, Anne	The white dragon
mdp.39015028745233	Delany, Samuel R.	Empire star
mdp.39015028779604	Blish, James	The seedling stars.
mdp.39015028909813	Anthony, Piers	Fractal mode
mdp.39015028919374	Asimov, Isaac and Robert Silverburg	The positronic man
mdp.39015029088732	Aldiss, Brian	A Tupolev too far : and other stories
mdp.39015029191478	Silverberg, Robert	The collected stories of Robert Silverberg.
mdp.39015029211250	McCaffrey, Anne	Damia
mdp.39015029264648	Silverberg, Robert	Kingdoms of the wall
mdp.39015029453845	McCaffrey, Anne	Crystal line
mdp.39015029505487	Brunner, John	Give warning to the world.
mdp.39015029750877	Hubbard, L. Ron	Return to tomorrow
mdp.39015029769521	Verne, Jules	Master of the world
mdp.39015029899484	Bester, Alfred	The stars my destination
mdp.39015030042686	Williamson, Jack	Brother to demons, brother to gods
mdp.39015030708716	Norton, Andre	Star born
mdp.39015030710662	Pohl, Frederik	The age of the pussyfoot.
mdp.39015030712197	Simak, Clifford D.	Destiny doll
mdp.39015030712213	Silverberg, Robert	To live again
mdp.39015030745981	Gotlieb, Phyllis	Why should I have all the grief?
mdp.39015030843992	Bradbury, Ray	Pillar of fire : and other plays for today, tomorrow, and beyond tomorrow
mdp.39015030945755	Anderson, Poul	The book of Poul Anderson.
mdp.39015030945789	Anderson, Poul and Gordon R. Dickson	Earthman's burden
mdp.39015031213492	Brunner, John	Age of miracles
mdp.39015031213500	Brunner, John	Born under Mars
mdp.39015031213518	Brunner, John	Interstellar empire.
mdp.39015031213526	Brunner, John	Into the slave nebula.
mdp.39015031213534	Brunner, John	The jagged orbit.
mdp.39015031213542	Brunner, John	Manshape
mdp.39015031213559	Brunner, John	More things in heaven.
mdp.39015031213575	Brunner, John	The stardroppers.
mdp.39015031213583	Brunner, John	Total eclipse
mdp.39015031213591	Brunner, John	Web of everywhere
mdp.39015031213609	Brunner, John	The wrong end of time
mdp.39015031299426	Russell, Eric Frank	Men, Martians, and machines
mdp.39015031301982	Sheckley, Robert	Untouched by human hands : thirteen stories
mdp.39015031602488	Dick, Philip K. and Roger Zelazny	Deus irae
mdp.39015031771275	Le Guin, Ursula K.	Four ways to forgiveness
mdp.39015032049994	Bishop, Michael	Transfigurations
mdp.39015032235858	Anthony, Patricia	Happy policeman
mdp.39015032281365	Charnas, Suzy McKee	Walk to the end of the world ; and, Motherlines.
mdp.39015032504303	Park, Severna	Speaking dreams
mdp.39015032574942	Lessing, Doris	Canopus in Argos : archives
mdp.39015032577341	Elgin, Suzette Haden	The judas rose
mdp.39015032584073	Slonczewski, Joan	A door into ocean
mdp.39015032584081	Tepper, Sheri S.	The gate to women's country
mdp.39015032734942	Adams, Douglas	Mostly harmless
mdp.39015032764527	Willis, Connie	Doomsday book
mdp.39015032813472	Silverberg, Robert	Hot sky at midnight
mdp.39015032860176	Moorcock, Michael	The steel tsar
mdp.39015032860184	Moorcock, Michael	Breakfast in the ruins: a novel of inhumanity.
mdp.39015033333876	Delany, Samuel R.	Hogg
mdp.39015033336366	Steele, Allen	The Jericho iteration
mdp.39015033871693	Anderson, Poul	The horn of time
mdp.39015033871719	Anderson, Poul	Seven conquests; an adventure in science fiction.
mdp.39015033871727	Anderson, Poul	We claim these stars
mdp.39015033989818	Benford, Gregory	Furious gulf
mdp.39015034227507	Delany, Samuel R.	The mad man
mdp.39015034245954	Le Guin, Ursula K.	A fisherman of the inland sea : science fiction stories
mdp.39015034258619	McDevitt, Jack	The engines of God
mdp.39015034261498	Steele, Allen	Rude astronauts : real and imagined stories
mdp.39015034284961	Due, Tananarive	The between
mdp.39015034356439	Clarke, Arthur C.	Prelude to space
mdp.39015034396237	Morrow, James	This is the way the world ends
mdp.39015034512692	Anderson, Kevin J.	Darksaber
mdp.39015034518962	Delany, Samuel R.	City of a thousand suns
mdp.39015034521867	Disch, Thomas M.	Echo round his bones
mdp.39015034642796	Dick, Philip K.	The cosmic puppets
mdp.39015034647167	Zelazny, Roger	Doorways in the sand
mdp.39015035321051	Crichton, Michael	Jurassic Park
mdp.39015035341448	Farmer, Philip José	Gods of riverworld
mdp.39015035341463	Farmer, Philip José	The dark design
mdp.39015035341471	Farmer, Philip José	Dayworld rebel
mdp.39015035342586	Heinlein, Robert A.	Have space suit--will travel.
mdp.39015037317537	Morrow, James	Bible stories for adults
mdp.39015037380923	Silverberg, Robert	Tom O'Bedlam
mdp.39015037402719	Reamy, Tom	Blind voices
mdp.39015037443838	May, Julian	Magnificat
mdp.39015037843896	Morrow, James	Blameless in Abaddon
mdp.39015038075829	Silverberg, Robert	Invaders from earth
mdp.39015038123769	Gibson, William	Idoru
mdp.39015038166594	Dick, Philip K.	Do androids dream of electric sheep?
mdp.39015038555903	Russell, Mary Doria	The sparrow
mdp.39015038571041	McCaffrey, Anne	Dragonseye
mdp.39015038888775	Sagan, Carl	Contact : a novel
mdp.39015038916857	Clarke, Arthur C.	2001: a space odyssey
mdp.39015038919323	Clarke, Arthur C.	2061 : Odyssey three
mdp.39015039923415	McCaffrey, Anne	The masterharper of Pern
mdp.39015040081997	Wyndham, John	Jizzle
mdp.39015040107081	Reamy, Tom	San Diego Lightfoot Sue and other stories
mdp.39015040110960	Bradley, Marion Zimmer	The spell sword
mdp.39015040110978	Bradley, Marion Zimmer	The heritage of Hastur
mdp.39015040121744	Harrison, Harry	The adventures of the stainless steel rat
mdp.39015040123906	Asimov, Isaac	The bicentennial man and other stories
mdp.39015040129085	Ballard, J. G.	High-rise
mdp.39015040597794	Keyes, Daniel	Flowers for Algernon
mdp.39015040621420	Butler, Octavia E.	Bloodchild : and other stories
mdp.39015040991369	Hoban, Russel	Fremder
mdp.39015041007413	Sterling, Bruce	Schismatrix plus
mdp.39015041008585	Bova, Ben	Moonrise
mdp.39015041058465	Clarke, Arthur C.	3001: the final odyssey
mdp.39015041292502	Silverberg, Robert	Sorcerers of Majipoor
mdp.39015041541445	Miller, Walter M., Jr.	Saint Leibowitz and the wild horse woman
mdp.39015041543078	Delacorte, Peter	Time on my hands
mdp.39015041612725	Ghosh, Amitav	The Calcutta chromosome
mdp.39015041745376	Blish, James	A dusk of idols : and other stories
mdp.39015041879738	De Camp, L. Sprague	Rogue queen
mdp.39015041888606	Robinson, Kim Stanley	The Martians
mdp.39015042474877	Vance, Jack	The complete dying earth
mdp.39015042474885	Anthony, Piers	Ox
mdp.39015042475130	Niven, Larry	Limits
mdp.39015042569924	Bear, Greg	Rogue planet
mdp.39015042598295	Vance, Jack	Ecce and Old Earth : Book Two of the Cadwal Chronicles
mdp.39015042849664	Brunner, John	From this day forward.
mdp.39015042857329	Benford, Gregory	In the ocean of night
mdp.39015042858483	Farmer, Philip José	The mad goblin
mdp.39015043053274	Burgess, Anthony	A clockwork orange
mdp.39015043103384	Norton, Andre	Iron cage
mdp.39015043127201	Moore, Ward	Bring the jubilee
mdp.39015043202087	Heinlein, Robert A.	The number of the beast
mdp.39015043409096	Felice, Cynthia and Connie Willis	Promised land
mdp.39015045681882	Zahn, Timothy	Vision of the future
mdp.39015046340124	Moore, C. L.	Jirel of Joiry
mdp.39015046373323	L'Engle, Madeleine	The arm of the starfish.
mdp.39015046383959	Rushdie, Salman	Grimus : a novel
mdp.39015046412311	Orwell, George	Nineteen eighty-four, a novel.
mdp.39015046424795	Heinlein, Robert A.	The menace from earth.
mdp.39015046792886	Heinlein, Robert A.	The moon is a harsh mistress
mdp.39015046826668	Clarke, Arthur C.	Tales of ten worlds.
mdp.39015046831189	Asimov, Isaac	The robots of dawn
mdp.39015046831460	Anthony, Piers	Orn
mdp.39015046831882	Ballard, J. G.	Chronopolis, and other stories
mdp.39015046832252	Clarke, Arthur C.	The best of Arthur C. Clarke V2
mdp.39015046832849	Pangborn, Edgar	A mirror for observers.
mdp.39015046878727	Butler, Octavia E.	Patternmaster
mdp.39015046879170	Delany, Samuel R.	Flight from Nevèrÿon
mdp.39015046886894	Whitehead, Colson	The intuitionist
mdp.39015047065514	Brin, David	Heaven's reach
mdp.39015047107332	Robinson, Kim Stanley	Antarctica
mdp.39015047430874	Simak, Clifford D.	Out of their minds
mdp.39015047443000	Zahn, Timothy	The Icarus hunt
mdp.39015047448934	Gibson, William	All tomorrow's parties
mdp.39015047519965	Russell, Mary Doria	Children of God
mdp.39015047546232	Heinlein, Robert A.	The man who sold the moon; Harriman and the escape from Earth to the Moon!
mdp.39015047597136	Russ, Joanna	The female man
mdp.39015047607174	Niven, Larry	The long arm of Gil Hamilton
mdp.39015047717866	Hopkinson, Nalo	Brown girl in the ring
mdp.39015047760072	Dickson, Gordon R.	None but man
mdp.39015047865228	McCaffrey, Anne	Pegasus in space
mdp.39015047866861	Simmons, Dan	The rise of Endymion
mdp.39015047868271	Zettel, Sarah	The quiet invasion
mdp.39015047873354	Due, Tananarive	My soul to keep
mdp.39015047874857	Sawyer, Robert J.	Illegal alien
mdp.39015048511540	Clarke, Arthur C. and Michael Kube-McDowell	The trigger
mdp.39015048537602	Simmons, Dan	Endymion
mdp.39015048749934	Sterling, Bruce	A good old-fashioned future : stories
mdp.39015048827151	Simak, Clifford D.	Special deliverance
mdp.39015048902632	Malzberg, Barry N.	The men inside
mdp.39015048917119	Herbert, Brian and Kevin J. Anderson	Dune : House Atreides
mdp.39015048933769	Morrow, James	The eternal footman
mdp.39015048955895	Anderson, Poul	Brain wave
mdp.39015049498192	Heinlein, Robert A.	Friday
mdp.39015049499166	Varley, John	The Ophiuchi hotline
mdp.39015049529830	Herbert, Brian and Kevin J. Anderson	Dune--House Harkonnen
mdp.39015049645875	Heinlein, Robert A.	Glory road
mdp.39015049988648	Baker, Kage	The graveyard game
mdp.39015049990735	Russo, Richard Paul	Ship of fools
mdp.39015050134215	Clarke, Arthur C. and Stephen Baxter	The light of other days
mdp.39015050134280	Sterling, Bruce	Zeitgeist
mdp.39015050156549	Silverberg, Robert	The mountains of Majipoor
mdp.39015050156861	Strugatsky, Arkady and Boris Strugatsky	Roadside picnic
mdp.39015050245557	Le Guin, Ursula K.	The telling
mdp.39015050309999	Lee, Tanith	Drinking sapphire wine
mdp.39015050521072	Lee, Tanith	Women as demons : the male perception of women through space and time : stories
mdp.39015050605990	Wilhelm, Kate	The Killer thing.
mdp.39015050618357	Smith, E. E.	Skylark three
mdp.39015050743361	Zelazny, Roger	The doors of his face, the lamps of his mouth and other stories
mdp.39015051347287	Blish, James	Anywhen.
mdp.39015052394841	Varley, John	The Persistence of vision
mdp.39015052398800	Varley, John	The Barbie murders
mdp.39015052399196	Pollack, Rachel	Golden Vanity
mdp.39015052467530	Le Guin, Ursula K.	The left hand of darkness
mdp.39015052544965	Silverberg, Robert	Revolt on Alpha C
mdp.39015052930057	Verne, Jules	The Begum's fortune
mdp.39015053112895	Herbert, Brian and Kevin J. Anderson	Dune : House Corrino
mdp.39015053114784	Baxter, Stephen	Origin
mdp.39015053140193	Delany, Samuel R.	The towers of Toron
mdp.39015053231513	Williamson, Jack	Manseed
mdp.39015053606052	Verne, Jules	The clipper of the clouds
mdp.39015053616549	Morrow, James	The wine of violence
mdp.39015053764299	McCaffrey, Anne	The Rowan
mdp.39015053767052	Willis, Connie	Passage
mdp.39015053774348	Swanwick, Michael	Stations of the tide
mdp.39015053774355	Haldeman, Joe	Forever peace
mdp.39015053784230	Cherryh, C. J.	Defender
mdp.39015054024701	Bradbury, Ray	Fahrenheit 451
mdp.39015054037372	Butler, Octavia E.	Wild seed
mdp.39015054063113	Herbert, Frank	The Jesus incident
mdp.39015054065951	Crichton, Michael	Timeline
mdp.39015054079978	Ballard, J. G.	Concrete island
mdp.39015054091841	Stephenson, Neal	Snow crash
mdp.39015054103471	Lessing, Doris	The four-gated city
mdp.39015054119980	Bear, Greg	Vitals
mdp.39015054129286	Goto, Hiromi	The Kappa child
mdp.39015054285773	Robinson, Kim Stanley	The years of rice and salt
mdp.39015054444222	Duane, Diane	Spider-Man : the Venom factor
mdp.39015055883048	Card, Orson Scott	Ender's game
mdp.39015056163242	Anthony, Piers	Kirlian quest
mdp.39015056189643	Cherryh, C. J.	Explorer
mdp.39015056223574	Bujold, Lois McMaster	Barrayar
mdp.39015056228656	Steele, Allen	Coyote
mdp.39015056246211	Bester, Alfred	Starburst (by Bester)
mdp.39015056248035	Dick, Philip K.	Counter-clock world
mdp.39015056248050	Dick, Philip K.	The man who japed
mdp.39015056268603	Bujold, Lois McMaster	Mirror dance
mdp.39015056308961	Le Guin, Ursula K.	Changing planes
mdp.39015056469367	Bujold, Lois McMaster	The vor game
mdp.39015056665758	Bear, Greg	Darwin's children
mdp.39015056666087	Delany, Samuel R.	Aye, and Gomorrah : stories
mdp.39015056670014	Haldeman, Joe	Guardian
mdp.39015056811675	Priest, Christopher	The inverted world
mdp.39015056814380	Norton, Andre	Dark Piper
mdp.39015056814406	Simak, Clifford D.	Shakespeare's planet
mdp.39015056817003	Morgan, Richard K.	Altered carbon
mdp.39015056817664	Elgin, Suzette Haden	The Ozark trilogy
mdp.39015056875126	Randall, Marta	The sword of winter
mdp.39015056891248	Dick, Philip K.	Eye in the sky
mdp.39015056891313	Tucker, Wilson	Ice and iron
mdp.39015056894028	Anthony, Patricia	Cold allies
mdp.39015057610332	Clarke, Arthur C.	Time's eye
mdp.39015057650312	Goodman, Alison	Singing the Dogstar blues
mdp.39015057659172	Heinlein, Robert A.	For us, the living : a comedy of customs
mdp.39015057976790	Stephenson, Neal	The diamond age,[or, Young lady's illustrated primer]/ Neal Stephenson.
mdp.39015058011183	Asimov, Isaac	The best science fiction of Isaac Asimov
mdp.39015058012215	Adams, Douglas	The long dark tea-time of the soul
mdp.39015058015028	Niffenegger, Audrey	The time traveler's wife
mdp.39015058140149	Gorodischer, Angelica	Kalpa imperial : the greatest empire that never was
mdp.39015058207518	Zahn, Timothy	Survivor's quest
mdp.39015058229801	Morgan, Richard K.	Broken angels
mdp.39015058239735	McDevitt, Jack	Omega
mdp.39015058394282	Bester, Alfred	The computer connection
mdp.39015058795439	Haldeman, Joe	Camouflage
mdp.39015058799936	Dickson, Gordon R.	Masters of Everon
mdp.39015058799985	Vance, Jack	Maske : Thaery
mdp.39015059120009	Robinson, Kim Stanley	Forty signs of rain
mdp.39015059124514	Sterling, Bruce	The zenith angle
mdp.39015059134919	Mieville, China	Iron council
mdp.39015059159205	Dick, Philip K.	Vulcan's hammer
mdp.39015059274319	Dick, Philip K.	The crack in space
mdp.39015059964455	Wilson, Robert Charles	Blind Lake
mdp.39015060029298	Capek, Karel	R.U.R.
mdp.39015060067264	Faust, Minister	The Coyote Kings of the space-age bachelor pad
mdp.39015060111138	Dick, Philip K.	The penultimate truth
mdp.39015060121780	Harrison, M. John	Light
mdp.39015060399618	Jones, Gwyneth	Life : a novel
mdp.39015060593897	Robson, Justina	Natural history
mdp.39015060658997	Morgan, Richard K.	Market forces
mdp.39015060899435	Clarke, Arthur C.	Sunstorm
mdp.39015060998203	Shelley, Mary	Frankenstein, or, The modern Prometheus
mdp.39015061142611	De Camp, L. Sprague	The best of L. Sprague de Camp
mdp.39015062063618	Niven, Larry	The Ringworld engineers
mdp.39015062083947	Heinlein, Robert A.	Space cadet
mdp.39015062108892	Heinlein, Robert A.	Double star
mdp.39015062109072	Adams, Douglas	Dirk Gently's Holistic Detective Agency
mdp.39015062113124	Le Guin, Ursula K.	The word for world is forest
mdp.39015062115905	Gibson, William	Virtual light
mdp.39015062494342	Tepper, Sheri S.	Beauty
mdp.39015062537835	Zahn, Timothy	Star Wars. Timothy Zahn.
mdp.39015062547180	Dick, Philip K.	Dr. Futurity
mdp.39015062880581	Stableford, Brian	Curse of the coral bride
mdp.39015063174026	Anthony, Piers	Prostho plus
mdp.39015063247657	Barry, Max	Company
mdp.39015063676988	Robinson, Kim Stanley	Fifty degrees below
mdp.39015063682309	King, Stephen	Cell
mdp.39015064884698	McCaffrey, Anne and Todd McCaffrey	Dragon's fire
mdp.39015064885208	Robson, Justina	Living next door to the god of love
mdp.39015064989042	Baxter, Stephen	Navigator
mdp.39015066013957	Bradley, Marion Zimmer	Hawkmistress!
mdp.39015066016018	Harrison, M. John	Viriconium
mdp.39015066036578	Twain, Mark	A Connecticut Yankee in King Arthur's court
mdp.39015066047674	Crichton, Michael	The lost world
mdp.39015066055297	Russell, Eric Frank	Deep space.
mdp.39015066055545	Simak, Clifford D.	They walked like men
mdp.39015066063077	Sheckley, Robert	Can you feel anything when I do this?.
mdp.39015066065247	Lem, Stanisław	The invincible; science fiction.
mdp.39015066065502	Carter, Angela	Heroes & villains.
mdp.39015066074900	Amis, Kingsley	The anti-Death League
mdp.39015066110555	Clarke, Arthur C.	Childhood's end
mdp.39015066408991	Dick, Philip K.	The three stigmata of Palmer Eldritch
mdp.39015066651012	Smith, E. E.	The skylark of space
mdp.39015066681423	Norton, Andre	Ice crown
mdp.39015066688824	Smith, E. E.	Skylark DuQuesne
mdp.39015066706428	Smith, E. E.	Skylark of Valeron
mdp.39015066897003	Reynolds, Alastair	Galactic North
mdp.39015067683642	McAuley, Paul	Players
mdp.39015068118747	Silverberg, Robert	Valentine Pontifex
mdp.39015068793978	Alexie, Sherman	Flight
mdp.39015069173774	Shaw, Bob	Cosmic kaleidoscope
mdp.39015069253121	Stapledon, Olaf	Last and first men : a story of the near and far future
mdp.39015069332511	Reynolds, Alastair	The prefect
mdp.39015070729945	Gibson, William	Spook country
mdp.39015070756146	Aldiss, Brian	Harm
mdp.39015073378179	Russ, Joanna	Picnic on paradise
mdp.39015073668769	Banks, Iain	Matter
mdp.39015073820865	Knight, Damon	Hell's pavement
mdp.39015073888920	Morrow, James	The philosopher's apprentice
mdp.39015073951314	Baxter, Stephen	Weaver
mdp.39015073992755	Sawyer, Robert J.	Identity theft and other stories
mdp.39015075681406	Dick, Philip K.	VALIS and later novels
mdp.39015076173080	Baker, Kage	Or else my lady keeps the key
mdp.39015077146168	Cherryh, C. J.	Regenesis
mdp.39015077649880	Anderson, Kevin J.	Metal swarm
mdp.39015078775163	Priest, Cherie	Those who went remain there still
mdp.39015078790162	Theroux, Marcel	Far north
mdp.39015079288901	Dick, Philip K.	The man in the high castle
mdp.39015079355601	Westwood, Kim	The Daughters of Moab
mdp.39015080820684	Williams, Walter Jon	This is not a game
mdp.39015080836201	Reynolds, Alastair	Zima blue and other stories
mdp.39015080873352	Anderson, Poul	Rise of the Terran Empire : the Technic Civilization saga
mdp.39015080874590	Cherryh, C. J.	Conspirator : Foreigner #10
mdp.39015082657167	Card, Orson Scott	Ender in exile
mdp.39015082679633	Stross, Charles	Saturn's children
mdp.39015082682785	Anderson, Kevin J.	The ashes of worlds
mdp.39015082723266	Hamilton, Peter F.	The temporal void
mdp.39015082762439	Herbert, Brian and Kevin J. Anderson	Paul of Dune
mdp.39015084104812	Stross, Charles	Wireless
mdp.39015084108342	Baxter, Stephen	Ark
mdp.39076000644612	Norton, Andre	Judgment on Janus
mdp.39076000644620	Norton, Andre	Uncharted stars
mdp.39076001176655	L'Engle, Madeleine	A wind in the door
mdp.39076001348916	Mukherjee, Bharati	The holder of the world
mdp.39076002642440	Anthony, Piers	Race against time
mdp.39076005032995	Clarke, Arthur C.	Glide path
mdp.39076006259126	Burroughs, Edgar Rice	The pirates of Venus, and Lost on Venus; two Venus novels
mdp.49015000301383	Aldiss, Brian	Seasons in flight
mdp.49015000320532	Bisson, Terry	Fire on the mountain
mdp.49015000528811	Burroughs, Edgar Rice	A princess of Mars
mdp.49015000528936	Aldiss, Brian	Hothouse
mdp.49015000529041	Sturgeon, Theodore	More than human
mdp.49015000553447	Bishop, Michael	No enemy but time
mdp.49015000568841	Asimov, Isaac	Robots and empire
mdp.49015000590613	Card, Orson Scott	The folk of the fringe
mdp.49015000593328	Heinlein, Robert A.	The door into summer
mdp.49015000617416	Martin, George R. R.	Sandkings
mdp.49015000617523	Harrison, Harry	The Deathworld trilogy : v1
mdp.49015000670696	Campbell, John W., Jr.	Who goes there? : Seven tales of science-fiction
mdp.49015000675919	Dick, Philip K.	Dr. Bloodmoney : or, How we got along after the bomb
mdp.49015000682998	Gerrold, David	The man who folded himself
mdp.49015000704743	Lee, Tanith	Dreams of dark and light : the great short fiction
mdp.49015000719303	May, Julian	The many-colored land
mdp.49015000720988	Henderson, Zenna	Zenna Henderson's pilgrimage
mdp.49015000722596	Niven, Larry	Ringworld
mdp.49015000744988	Swanwick, Michael	In The Drift
mdp.49015000995796	Leiber, Fritz	The wanderer
mdp.49015001026310	Brunner, John	The sheep look up
mdp.49015001037275	Asimov, Isaac	Foundation and empire
mdp.49015001042838	Benford, Gregory and David Brin	Heart of the comet
mdp.49015001218222	Wyndham, John	The Midwich cuckoos
mdp.49015001218255	Wyndham, John	Consider her ways & others
mdp.49015001218263	Wyndham, John	The outward urge
mdp.49015001300590	Simak, Clifford D.	City
mdp.49015001330183	Stewart, George R.	Earth abides
mdp.49015001376525	James, P. D.	The children of men
mdp.49015001396358	Van Vogt, A. E.	Empire of the atom
mdp.49015001409755	Asimov, Isaac	Forward the foundation
mdp.49015001418822	McDonald, Ian	The broken land
mdp.49015002042977	Kress, Nancy	The aliens of earth
mdp.49015002042985	Bishop, Michael	Brittle innings
mdp.49015002141738	Wilson, Robert Charles	Mysterium
mdp.49015002164110	Harrison, Harry	The Deathworld trilogy : v2
mdp.49015002164128	Harrison, Harry	The Deathworld trilogy : v3
mdp.49015002320274	Grimwood, Ken	Into the deep
mdp.49015002329309	Anderson, Poul	Orion shall rise
mdp.49015002329457	Koja, Kathe	Strange angels
mdp.49015002381391	Henderson, Zenna	Ingathering : the complete People stories of Zenna Henderson
mdp.49015002498468	Russo, Richard Paul	Carlucci's heart
mdp.49015002517150	Vonnegut, Kurt	Cat's cradle
mdp.49015002519933	Park, Severna	The annunciate
mdp.49015002595743	Bova, Ben	Kinsman
mdp.49015002673169	Nix, Garth	Shade's children
mdp.49015002815232	Asimov, Isaac	Prelude to foundation
mdp.49015002827781	Friedman, C. S.	When true night falls
mdp.49015002834613	Tiptree, James Jr.	Up the walls of the world
mdp.49015002931849	Effinger, George Alec	Budayeen nights
mdp.49015002963750	Silverberg, Robert	Phases of the moon : stories of six decades
mdp.49015003059152	Card, Orson Scott	Children of the mind
mdp.49015003071439	Bujold, Lois McMaster	Cordelia's honor
mdp.49015003071447	Herbert, Frank	Dune
mdp.49015003132090	Heinlein, Robert A.	The cat who walks through walls : a comedy of manners
miun.acb1468.0001.001	Huxley, Aldous	Ape and essence.
miun.ahq2807.0001.001	Woolf, Virginia	Orlando; a biography
nyp.33433075746960	Shelley, Mary	The last man
nyp.33433075755011	London, Jack	The star rover.
nyp.33433105944254	Wells, H. G.	A modern Utopia
osu.32435017685082	Burroughs, Edgar Rice	The warlord of Mars
osu.32435018600130	Burroughs, Edgar Rice	The gods of Mars
osu.32435053029575	Aldiss, Brian	The canopy of time
osu.32435053306510	Brunner, John	The dreaming earth
osu.32435053307146	Budrys, Algis	The unexpected dimension
osu.32435053307195	Budrys, Algis	Some will not die : here is a tomorrow
osu.32435053307344	Budrys, Algis	False night
osu.32435053307864	Campbell, John W., Jr.	The black star passes
osu.32435053311874	Harrison, Harry	Planet of the damned
osu.32435053311890	Harrison, Harry	The stainless steel rat : a science-fiction novel
osu.32435053572764	Dick, Philip K.	The world Jones made
osu.32435054204243	Matheson, Richard	The shrinking man
osu.32435055416200	Piper, H. Beam	Little Fuzzy
osu.32435055416515	Pohl, Frederik	The abominable earthman
osu.32435055419790	Sheckley, Robert	Journey beyond tomorrow
osu.32435056556525	Wells, H. G.	The time machine, an invention
osu.32435057546228	Wilhelm, Kate	The mile-long spaceship
osu.32435059734038	Heinlein, Robert A.	Revolt in 2100 : the prophets and the triumph of reason over superstition
osu.32435059969030	Williamson, Jack	The legion of time
osu.32435060535390	Farmer, Philip José	Strange relations
osu.32435074817214	Blish, James	Galactic cluster
pst.000000015790	Aldiss, Brian	Brian Aldiss Omnibus (2) : Space, Time and Nathaniel. Non-stop. The Male Response.
pst.000000018340	De Camp, L. Sprague	The wheels of if, and other science-fiction
pst.000000083423	Norton, Andre	Trey of swords
pst.000000186520	Lewis, C. S.	Perelandra
pst.000000187442	Clarke, Arthur C.	Against the fall of night.
pst.000005477456	Watson, Ian	The embedding.
pst.000007041129	Aldiss, Brian	Perilous planets
pst.000007408274	Brackett, Leigh	The sword of Rhiannon.
pst.000009413719	Vance, Jack	Lost moons
pst.000010923580	Pohl, Frederik and C. M. Kornbluth	Venus, inc.
pst.000011604587	Crichton, Michael	The terminal man.
pst.000012674534	Compton, D. G.	The steel crocodile
pst.000012745111	Vance, Jack	Big planet
pst.000012778010	Bradley, Marion Zimmer	The house between the worlds
pst.000012778621	Anderson, Poul	Ensign Flandry
pst.000012778713	Harrison, Harry and Gordon R. Dickson	Lifeboat
pst.000013229382	Bradley, Marion Zimmer	Stormqueen!
pst.000013229429	Bradley, Marion Zimmer	Two to conquer
pst.000013229474	Bradley, Marion Zimmer	The bloody sun
pst.000013229498	Bradley, Marion Zimmer	Darkover landfall
pst.000013229504	Bradley, Marion Zimmer	Star of danger
pst.000013229559	Dick, Philip K.	We can build you
pst.000013229702	Van Vogt, A. E.	The gryb
pst.000013229719	Vance, Jack	The languages of Pao
pst.000013229740	Heinlein, Robert A.	Citizen of the galaxy
pst.000013408435	Atwood, Margaret	The handmaid's tale
pst.000013669980	Miller, Walter M., Jr.	A canticle for Leibowitz
pst.000013792558	Watson, Ian	The very slow time machine
pst.000014486920	Heinlein, Robert A.	Tunnel in the sky
pst.000014940132	Harrison, Harry	Bill, the galactic hero
pst.000015004468	Norton, Andre	Android at arms
pst.000016395053	Asimov, Isaac	Nemesis
pst.000017107600	Herbert, Frank	Dune messiah
pst.000017775953	Aldiss, Brian	The male response
pst.000017857178	Bujold, Lois McMaster	Vorkosigan's game
pst.000017895262	Anderson, Kevin J. and Doug Beason	Lifeline
pst.000018452310	Christopher, John	The guardians
pst.000019919287	Sterling, Bruce	Islands in the net
pst.000020730109	Burroughs, Edgar Rice	Llana of Gathol and John Carter of Mars
pst.000020730116	Vinge, Joan D.	Fireship
pst.000021111570	Dickson, Gordon R.	Lost Dorsai
pst.000021219610	Burroughs, Edgar Rice	Beyond the farthest star
pst.000021311574	Aldiss, Brian	Man in his time : the best science fiction stories of Brian W. Aldiss.
pst.000021387128	Dickson, Gordon R.	Hour of the Horde
pst.000021387913	Dickson, Gordon R.	Naked to the stars
pst.000021518379	Niven, Larry and Steven Barnes	The California voodoo game
pst.000021680403	Pohl, Frederik	Beyond the blue event horizon
pst.000021689758	Simak, Clifford D.	Highway of eternity
pst.000021753299	Niven, Larry, Jerry Pournelle, and Steven Barnes	The legacy of Heorot
pst.000021809019	Sturgeon, Theodore	The dreaming jewels ; The cosmic rape ; Venus plus X
pst.000021812668	Steele, Allen	Orbital decay
pst.000021815157	Anderson, Poul	Annals of the time patrol : the guardians of time; and time patrolman
pst.000021946516	Dick, Philip K.	We can remember it for you wholesale
pst.000022188977	Haldeman, Joe	Hemingway hoax
pst.000022189158	Herbert, Brian	The garbage chronicles : being an account of the adventures of Tom Javik and Wizzy Malloy in the faraway land of catapulted garbage
pst.000022355218	Gibson, William	Neuromancer
pst.000022830753	Wells, H. G.	Star-begotten
pst.000022843906	Wilson, Robert Charles	The harvest
pst.000023121232	Anthony, Piers	Juxtaposition
pst.000024653916	Heinlein, Robert A.	The rolling stones
pst.000025687200	Bradley, Marion Zimmer	Thendara house
pst.000025986976	Van Vogt, A. E.	Earth factor X
pst.000026021102	Benford, Gregory	Across the sea of suns
pst.000026087894	Wells, H. G.	The world set free
pst.000026189895	Simmons, Dan	Hyperion cantos
pst.000026190907	Anderson, Poul	A knight of ghosts and shadows
pst.000026251400	Shaw, Bob	The Ceres solution
pst.000026522340	Van Vogt, A. E.	The players of Null-A
pst.000026638003	Anderson, Kevin J. and Doug Beason	Virtual destruction
pst.000027212882	L'Engle, Madeleine	A wrinkle in time
pst.000027734902	Vonnegut, Kurt	Slaughterhouse-five; or, The children's crusade : a duty-dance with death.
pst.000029136407	Vonnegut, Kurt	The sirens of Titan.
pst.000029273980	Pohl, Frederik and C. M. Kornbluth	The space merchants
pst.000030169975	Norton, Andre	No night without stars
pst.000031166706	Bradbury, Ray	The Martian chronicles
pst.000031216449	Duane, Diane	My enemy, my ally
pst.000032241167	Adams, Douglas	Life, the universe, and everything
pst.000032609622	Heinlein, Robert A.	The green hills of earth
pst.000043295043	Anderson, Poul and Gordon R. Dickson	Hoka! Hoka! Hoka!
pst.000043295531	Lem, Stanisław	Peace on Earth
pst.000043872435	Smith, E. E.	Children of the Lens
pst.000043872565	Smith, E. E.	Galactic patrol
pst.000044164966	Wells, H. G.	The sleeper awakes
pst.000044255312	Smith, E. E.	First Lensman
pst.000045141447	L'Engle, Madeleine	Many waters
pst.000045148910	McCaffrey, Anne	Damia's children
pst.000046969507	Hubbard, L. Ron	The enemy within
pst.000050247585	Clarke, Arthur C.	The sentinel
pst.000050321674	Norton, Andre	The crystal gryphon
pst.000053671059	Christopher, John	When the Tripods came
pst.000053892157	Silverberg, Robert	Star of Gypsies
pst.000053928733	Christopher, John	The city of gold and lead
pst.000053928764	Christopher, John	The White Mountains
pst.000054711426	Delany, Samuel R.	The fall of the towers
pst.000057221298	Varley, John	Mammoth
pst.000058048559	Heinlein, Robert A.	The day after tomorrow
pst.000059701873	Harrison, Harry	Make room! Make room!
pst.000061516960	Bradley, Marion Zimmer and Deborah J. Ross	The Alton gift
pst.000061658905	Varley, John	Demon
pst.000061659049	Van Vogt, A. E.	The world of Null-A
pst.000061659094	Lem, Stanisław	Star diaries
pst.000061659551	Effinger, George Alec	When gravity fails
pst.000066152552	Heinlein, Robert A.	Starship troopers
pst.000066163275	Asimov, Isaac	Foundation
pst.000066163282	Asimov, Isaac	I, robot
pst.000067168613	Bacigalupi, Paolo	The windup girl
pst.000068121068	Ballard, J. G.	Crash
pst.000068130633	Lem, Stanisław	The Futurological Congress (from the memoirs of Ijon Tichy)
pst.000068149192	De Camp, L. Sprague	Lest darkness fall
uc1.$b120176	Moore, Ward	Greener than you think.
uc1.$b245240	Tucker, Wilson	The Lincoln hunters.
uc1.$b286517	Lewis, C. S.	That hideous strength; a modern fairy-tale for grownups.
uc1.$b286521	Wells, H. G.	The war in the air
uc1.$b312576	Stapledon, Olaf	The flames, a fantasy.
uc1.$b404260	Lafferty, R. A.	The devil is dead
uc1.$b404268	Lafferty, R. A.	The reefs of earth
uc1.$b451142	Merril, Judith	Daughters of Earth; three novels.
uc1.$b604952	Lewis, C. S.	Out of the silent planet.
uc1.31175033855811	Wells, H. G.	The war of the worlds
uc1.32106001607362	Strugatsky, Arkady and Boris Strugatsky	Far rainbow
uc1.32106001607370	Strugatsky, Arkady and Boris Strugatsky	The ugly swans
uc1.32106001693354	Simak, Clifford D.	The worlds of Clifford Simak.
uc1.32106001959946	Wells, H. G.	The food of the gods and how it came to earth,
uc1.32106002015425	Stapledon, Olaf	Darkness and the light
uc1.32106002023783	Aldiss, Brian	Earthworks
uc1.32106002023809	Aldiss, Brian	Frankenstein unbound
uc1.32106002093380	Burroughs, Edgar Rice	Three Martian novels: Thuvia, maid of Mars. The chessmen of Mars. The master mind of Mars.
uc1.32106002151774	Van Vogt, A. E.	The secret galactics
uc1.32106002152517	Sturgeon, Theodore	Caviar,
uc1.32106002159686	Anderson, Poul	Homeward and beyond
uc1.32106002161534	Bester, Alfred	The light fantastic
uc1.32106002161542	Bester, Alfred	Star light, star bright
uc1.32106002186010	Russ, Joanna	The two of them
uc1.32106005109753	Norton, Andre	Gryphon in glory
uc1.32106005323297	Moorcock, Michael	The entropy tango : a comic romance
uc1.32106005888059	Dickson, Gordon R.	The far call
uc1.32106006207630	Heinlein, Robert A.	Methuselah's children.
uc1.32106006603176	Aldiss, Brian	Enemies of the system : a tale of homo uniformis
uc1.32106006727876	Norton, Andre	'Ware hawk
uc1.32106006839184	Pohl, Frederik	Heechee rendezvous
uc1.32106006995556	Delany, Samuel R.	The jewels of Aptor
uc1.32106007071217	Lem, Stanisław	Memoirs found in a bathtub
uc1.32106007115337	Lem, Stanisław	Tales of Pirx the pilot
uc1.32106007119784	Asimov, Isaac	Pebble in the sky
uc1.32106007159996	Russ, Joanna	The Zanzibar cat
uc1.32106007171835	Herbert, Frank	Children of Dune
uc1.32106007176867	Silverberg, Robert	The conglomeroid cocktail party
uc1.32106007696336	Pohl, Frederik and C. M. Kornbluth	Wolfbane
uc1.32106007711614	Bova, Ben	Orion
uc1.32106007983098	Herbert, Frank	Heretics of Dune
uc1.32106008073287	Elgin, Suzette Haden	Yonder comes the other end of time
uc1.32106008073303	Elgin, Suzette Haden	Star-anchored, star-angered
uc1.32106008566652	Mitchison, Naomi	Memoirs of a spacewoman
uc1.32106008842756	Delany, Samuel R.	Triton
uc1.32106009087138	Herbert, Frank	God Emperor of Dune
uc1.32106009095875	Varley, John	Wizard
uc1.32106009338549	Herbert, Frank	Chapter house, Dune
uc1.32106009743425	Heinlein, Robert A.	Red planet
uc1.32106010189048	Varley, John	Steel beach
uc1.32106010190301	Arnason, Eleanor	Changing women
uc1.32106010337274	Tepper, Sheri S.	Grass
uc1.32106010372289	Tepper, Sheri S.	Raising the stones
uc1.32106010438106	King, Stephen	The tommyknockers
uc1.32106010566989	Heinlein, Robert A.	Job, a comedy of justice
uc1.32106010637020	Varley, John	Blue champagne
uc1.32106010740675	May, Julian	Jack the bodiless : a novel
uc1.32106010905138	Heinlein, Robert A.	The man who sold the moon.
uc1.32106010984570	Heinlein, Robert A.	Time enough for love, the lives of Lazarus Long
uc1.32106011012835	Dick, Philip K.	I hope I shall arrive soon
uc1.32106011376040	Dick, Philip K.	The divine invasion
uc1.32106011762256	Vonarburg, Elisabeth	The silent city
uc1.32106012650088	Dick, Philip K.	Galactic pot-healer
uc1.32106012732845	Simak, Clifford D.	Way station
uc1.32106012733827	Tiptree, James Jr.	Her smoke rose up forever : the great years of James Tiptree, Jr.
uc1.32106012733850	Smith, Cordwainer	Norstrilia
uc1.32106012870439	Blish, James	A case of conscience
uc1.32106012964117	Clarke, Arthur C.	Rendezvous with Rama
uc1.32106012999584	Jeter, K. W.	Blade Runner 2 : the edge of human
uc1.32106013034282	Greenland, Colin	Take back plenty
uc1.32106013093601	Dick, Philip K.	Martian time-slip
uc1.32106013120784	Gentle, Mary	The architecture of desire
uc1.32106013136855	Lem, Stanisław	His master's voice
uc1.32106013261778	Arnason, Eleanor	In the light of Sigma Draconis
uc1.32106013752057	Hand, Elizabeth	Glimmering
uc1.32106013799322	Williams, Walter Jon	City on fire
uc1.32106014246224	Bradley, Marion Zimmer	The best of Marion Zimmer Bradley
uc1.32106014290040	Cadigan, Pat	Fools
uc1.32106014402207	Heinlein, Robert A.	To sail beyond the sunset : the life and loves of Maureen Johnson (being the memoirs of a somewhat irregular lady)
uc1.32106014483108	Leiber, Fritz	The big time
uc1.32106014549320	Moffett, Judith	Time, like an ever-rolling stream : a sequel to The ragged world
uc1.32106014552639	Delany, Samuel R.	The ballad of beta 2
uc1.32106014626953	Anthony, Patricia	God's fires
uc1.32106014650904	Cadigan, Pat	Patterns : stories
uc1.32106014905522	Anderson, Poul	The earth book of Stormgate
uc1.32106014905779	Anthony, Piers	Out of Phaze
uc1.32106014945080	Friedman, C. S.	This alien shore
uc1.32106015190207	Tepper, Sheri S.	A plague of angels
uc1.32106015297291	Brin, David	Otherness
uc1.32106015482331	Tepper, Sheri S.	Shadow's end
uc1.32106015581728	Anthony, Patricia	Flanders
uc1.32106015587949	Adams, Douglas	The hitchhiker's guide to the galaxy
uc1.32106016094416	Lem, Stanisław	The cyberiad : fables for the cybernetic age
uc1.32106016129139	Herbert, Frank	The white plague
uc1.32106016178466	Sterling, Bruce	Holy fire
uc1.32106016251792	Dick, Philip K.	Time out of joint
uc1.32106016473529	Zelazny, Roger	To die in Italbar
uc1.32106016538131	Bujold, Lois McMaster	Falling free
uc1.32106016605047	Bester, Alfred	Virtual unrealities : the short fiction of Alfred Bester
uc1.32106016780311	Murakami, Haruki	Hard-boiled wonderland and the end of the world : a novel
uc1.32106017218352	Cadigan, Pat	Synners
uc1.32106017384022	Fowler, Karen Joy	Sarah Canary
uc1.32106017551539	Asimov, Isaac	Second foundation
uc1.32106017948115	Heinlein, Robert A.	Time for the stars.
uc1.32106018079811	Sladek, John	The complete Roderick
uc1.32106018249018	Dick, Philip K.	The zap gun
uc1.32106018268091	Piercy, Marge	Woman on the edge of time
uc1.32106018320967	Anderson, Poul	A midsummer tempest.
uc1.32106018321072	Herbert, Frank	The ascension factor
uc1.32106018973146	Dick, Philip K.	A scanner darkly
uc1.32106019118618	Delany, Samuel R.	Dark reflections
uc1.b2801236	Budrys, Algis	The furious future.
uc1.b2838670	Clement, Hal	Small changes
uc1.b3184615	Burroughs, Edgar Rice	Carson of Venus
uc1.b3184701	Williamson, Jack	The Humanoids
uc1.b3186573	Verne, Jules	From the earth to the moon : All around the moon
uc1.b3435509	Christopher, John	The world in winter
uc1.b3435510	Christopher, John	The year of the comet ...
uc1.b3435511	Christopher, John	The pool of fire.
uc1.b3435513	Christopher, John	The lotus caves.
uc1.b3451496	Pangborn, Edgar	The judgment of Eve
uc1.b3462023	Harrison, Harry	The Daleth effect; a science fiction novel.
uc1.b3462688	Spinrad, Norman	Child of fortune
uc1.b3467256	Anthony, Piers	With a tangled skein
uc1.b3467600	Tucker, Wilson	The long loud silence.
uc1.b3469225	Strugatsky, Arkady and Boris Strugatsky	Noon, 22nd century
uc1.b3472503	Brunner, John	The whole man.
uc1.b3475644	Brunner, John	Foreign constellations : the fantastic worlds of John Brunner.
uc1.b3539945	Verne, Jules	The purchase of the North Pole
uc1.b3687703	Frank, Pat	Mr. Adam
uc1.b3739770	Aldiss, Brian	Helliconia summer
uc1.b3750451	Vercors	You shall know them
uc1.b3751296	Vercors	Sylva
uc1.b3759962	Wells, H. G.	The dream
uc1.b3759971	Wells, H. G.	Men like gods
uc1.b3860559	Simak, Clifford D.	Mastodonia
uc1.b3860560	Simak, Clifford D.	Project Pope
uc1.b3861627	Brackett, Leigh	The long tomorrow
uc1.b3862844	Dickson, Gordon R.	Ancient, my enemy
uc1.b3862854	Effinger, George Alec	The wolves of memory
uc1.b3865802	Aldiss, Brian	Galaxies like grains of sand
uc1.b3865868	Compton, D. G.	The unsleeping eye
uc1.b3865869	Compton, D. G.	Ascendancies
uc1.b3870837	Silverberg, Robert	Beyond control; seven stories of science fiction
uc1.b3884191	Pohl, Frederik	Man plus
uc1.b3885961	Budrys, Algis	Rogue Moon
uc1.b4088072	Christopher, John	Empty world
uc1.b4088181	Christopher, John	The prince in waiting.
uc1.b4098281	Clarke, Arthur C.	Dolphin Island; a story of the people of the sea.
uc1.b4098574	Norton, Andre	The stars are ours!
uc1.b4355109	McIntyre, Vonda N.	The exile waiting.
uc1.b4368486	Spinrad, Norman	Songs from the stars
uc1.b4432477	Bova, Ben	Voyagers
uc1.b4437609	Grimwood, Ken	Breakthrough
uc1.b4439673	Harness, Charles L.	The paradox men
uc1.b4446302	Harrison, Harry	Skyfall.
uc1.b4446373	Herbert, Brian	Sudanna, sudanna
uc1.b4450205	Williamson, Jack	The humanoid touch
uc1.b4463156	Knight, Damon	The world and Thorinn
uc1.b4463204	Lafferty, R. A.	Okla Hannali
uc1.b4582677	Watson, Ian	Deathhunter
uc1.b4929413	Lem, Stanisław	The chain of chance
uc1.b4948763	Van Vogt, A. E.	Cosmic encounter
uc1.b4949047	Turner, George	Beloved son
uc1.b4949048	Turner, George	Yesterday's men
uc1.b4950843	Spinrad, Norman	The Void Captain's tale
uc1.b4951156	Van Vogt, A. E.	Slan
uc1.b4951168	Williamson, Jack	Lifeburst
uc1.b4951323	McIntyre, Vonda N.	Dreamsnake
uc1.b4951600	Wilhelm, Kate	The infinity box
uc1.b4951639	Effinger, George Alec	Mixed feelings
uc1.b4951772	Disch, Thomas M.	On wings of song
uc1.b4973130	Shepard, Lucius	Life during wartime
uc1.b4973185	Williams, Walter Jon	Hardwired
uc1.b4974543	Moorcock, Michael	Casablanca
uc1.b4975732	Hubbard, L. Ron	The invaders plan
uiug.30112048596446	Abbott, Edwin Abbott	Flatland: a romance of many dimensions
uva.x030580544	London, Jack	Before Adam
